id,r_count,type,s_mean,s_rate_mean,s_rate_variance,long_s_rate,s_delta,score_log
S229,240,A,1478.6958333333334,0.9944260545209256,0.004677881429222884,0.986112230295789,-20.825,8.98414733935683
S361,240,C,1367.0,0.992053674419155,0.0053550530895142496,0.9838897352542495,-22.383333333333333,8.902893574172689
S140,220,B,1258.5291666666667,1.1998252717695386,0.1598159891470897,0.6278219009235029,-813.8909090909091,8.860378457343998
S108,240,B,1003.9583333333334,0.9840828685346856,0.016975642584553915,0.887656799720017,-127.0625,8.58041179983759
S151,240,C,810.4083333333333,0.9833282061396259,0.01997950489718512,0.7297962552999887,-300.05,8.363973637723955
S139,224,B,632.7583333333333,1.2439905870286163,0.0971567107788854,0.8543668564484551,-115.5625,8.26843552049627
S282,240,A,705.5833333333334,1.0133085510678943,0.0043539099951544,1.0048003038016744,3.370833333333333,8.263301287473425
S340,240,B,714.275,0.9992937072409378,0.0018813944067156412,0.9966627906976744,-2.3916666666666666,8.26276779011266
S275,240,A,660.6375,1.0033928880277727,0.0003054635862274823,1.0025482137211508,1.6791666666666667,8.189592603051285
S329,240,A,652.1583333333333,1.001919699889979,0.0005352065686680384,1.0010745123121203,0.7,8.175086616334406
S131,240,B,572.9666666666667,0.9973954980567357,0.009948533148478173,0.9865907117899857,-7.7875,8.036383540864161
S330,240,B,569.3833333333333,0.9855901346256867,0.01895679782663282,0.7899872817666782,-151.36666666666667,8.013767614207836
S308,240,B,570.825,0.9745200123949475,0.028058481621169706,0.7354491673734955,-205.33333333333334,8.0006212949627
S356,240,C,542.9458333333333,1.0026136414974602,0.005938696668471026,0.9826184659005218,-9.604166666666666,7.989796616969526
S268,240,C,540.775,1.0035112298404212,0.0005375358996923682,1.0032155832109453,1.7333333333333334,7.989392902175507
S306,240,C,525.4,1.0045974070563564,0.0005656737433172492,1.0033099936346277,1.7333333333333334,7.961621587990191
S194,240,C,422.3541666666667,1.0019603398042958,0.001940539973843445,0.9998520418228447,-0.0625,7.7399809989209984
S352,240,A,370.9625,1.0015341678818328,0.004821630752575286,0.9969876819708846,-1.1208333333333333,7.608368601702639
S143,240,A,344.9458333333333,1.0036677313469538,0.038645873301759726,0.8754044623030559,-49.09583333333333,7.5206902468833725
S348,199,A,385.0875,1.0701331519246136,0.09406998929334152,0.5530581835807766,-375.31658291457285,7.481239718546761
S307,172,A,325.81666666666666,1.2442482038222293,0.16772567802642258,0.766755243520979,-138.29651162790697,7.30299660239242
S374,240,C,205.1,1.3121585590576594,0.11227631238036412,1.0125686544751404,2.5458333333333334,7.2710279292524405
S247,240,C,236.24166666666667,1.0139391140666183,0.0008811002902752376,1.0124642857142858,2.908333333333333,7.171500939793826
S284,240,C,194.15416666666667,1.0381543002677247,0.0020275490470395507,1.0237723827309677,4.508333333333334,6.998939709104206
S365,240,C,173.4625,1.021696663290979,0.002081073706203457,1.0163818359375,2.7958333333333334,6.869764202960651
S031,240,B,171.69583333333333,1.019774281926725,0.0032474580555725647,1.0161019874734922,2.720833333333333,6.857020914258563
S037,161,C,211.19166666666666,1.1497463399073202,0.15707272717319185,0.7489398170722698,-105.53416149068323,6.714633092143279
S040,240,B,132.9375,1.018751142263288,0.012110986277190422,0.9859394313967862,-1.8958333333333333,6.595703513792441
S338,204,B,125.45416666666667,1.2643715625815073,0.11118599512399407,0.7887718746725348,-39.52450980392157,6.569742240565107
S364,240,B,119.84583333333333,1.0385185359069746,0.009610822740926391,0.9908026179813986,-1.1125,6.513054916581326
S367,240,B,109.72916666666667,1.030694448913158,0.022333462157927517,0.9527858176555717,-5.4375,6.41062729095736
S055,240,B,100.17083333333333,1.0398244743711809,0.040787471801814926,0.747659772974654,-33.80833333333333,6.319244157334204
S346,240,B,96.83333333333333,1.0162278755318386,0.017366818032998745,0.9405099150141643,-6.125,6.273645014224149
S395,84,A,316.0125,0.9180942088287881,0.11931890751837343,0.7193273644675443,-352.29761904761904,6.255687848564732
S080,240,C,80.15416666666667,1.0861340528469496,0.039919466539318486,1.0189088983050847,1.4875,6.143071477309804
S294,240,C,78.50833333333334,1.0420353685666186,0.006416243507328351,1.0335143437002907,2.5458333333333334,6.095174046584334
S126,100,C,198.08333333333334,0.9899704161637104,0.18437781649377846,0.35937559058094265,-847.45,5.999617706185912
S086,209,C,74.7875,1.1953101135221185,0.1784943234223592,0.5956197112991538,-58.30622009569378,5.971319654752931
S244,240,C,68.35833333333333,1.0710805265535868,0.04670359952399095,0.9650020587024293,-2.4791666666666665,5.965362410910212
S218,240,C,64.5125,1.0981413967976468,0.024589253355977093,1.0504070556309362,3.095833333333333,5.94577674998651
S114,231,A,45.545833333333334,1.1681514716961847,0.11553454726246942,0.7495714187752863,-15.80952380952381,5.582293605061964
S003,199,C,54.74166666666667,1.0598904964967228,0.11294770194505713,0.9200924434484208,-5.733668341708543,5.510197528912491
S201,49,A,341.62083333333334,0.5363411993355803,0.24893150163296981,0.23512829116229184,-5443.061224489796,5.341450193777267
S074,183,C,54.37916666666667,1.006205777506705,0.23157537592475017,0.399871315644341,-107.0327868852459,5.301123229198712
S007,240,A,28.95,1.2901730711418211,0.15263501666393564,1.0345443716497915,0.9666666666666667,5.269503565592258
S291,222,A,33.266666666666666,1.149152261566458,0.14530026318083075,0.5929006386454775,-24.693693693693692,5.193469430759741
S266,240,A,27.1625,1.2052430555555556,0.040751156201774684,1.159964412811388,3.745833333333333,5.179641557964088
S123,240,A,26.870833333333334,1.1377214405964404,0.06972116475454732,1.0554828150572833,1.4125,5.086427342966667
S210,139,C,65.39166666666667,0.8322131534307294,0.2394424211010436,0.4535444903621073,-136.0359712230216,5.03207355763502
S189,159,A,37.05,1.0169867588735515,0.08567950822488783,1.0224215246636772,1.2264150943396226,4.866883114575623
S273,99,A,39.516666666666666,0.9931205941571678,0.1342944596292801,0.8823967249720879,-12.767676767676768,4.4079633321780465
S078,107,A,35.6375,0.9907743379169646,0.1213801386293834,0.8437407517016869,-14.80373831775701,4.386900094229986
S292,118,A,38.166666666666664,0.799366395160125,0.22912677941994808,0.8280600253118785,-16.11864406779661,4.302847400501587
S005,114,A,28.8,1.0405510303536618,0.0946951302351661,1.0572040379320893,3.280701754385965,4.301127974944197
S208,126,A,36.4875,0.7284587682531642,0.2822127227452442,0.5881918323481999,-48.65873015873016,4.222108483947209
S154,104,A,31.808333333333334,0.8029479815381477,0.26268731539304285,0.7466744913928013,-24.903846153846153,3.978767752525429
S150,240,A,7.525,1.1769919630478454,0.12678057516405664,0.32908163265306123,-15.341666666666667,3.8228813418238436
S314,235,C,6.958333333333333,1.1824818586091461,0.13299300987405385,0.5422077922077922,-6.0,3.725705040074449
S129,203,C,6.354166666666667,1.1615645807394577,0.2830697164091837,0.6338320864505403,-4.3399014778325125,3.383780379613466
S023,160,C,6.795833333333333,0.9627649901936873,0.38285307376147987,0.21845700508974014,-36.46875,2.9542730013063365
S098,209,B,1.7208333333333334,1.3832270069112174,0.25254621115319514,1.2402402402402402,0.3827751196172249,2.3458907557786417
S076,201,C,1.5666666666666667,1.427860696517413,0.27713422935075865,1.3623188405797102,0.4975124378109453,2.243465951353114
S239,145,C,1.7916666666666667,1.350582922824302,0.1322701954265654,0.8206106870229007,-0.6482758620689655,2.05454771236053
S175,141,B,1.525,1.426950354609929,0.20536016380799088,1.3455882352941178,0.6666666666666666,1.9018700851521497
S324,136,B,1.7666666666666666,1.3271971288515405,0.2627370923093502,1.2507374631268438,0.625,1.8806184562760286
S088,153,B,1.7708333333333333,1.2401068575578378,0.3289060344566025,0.740418118466899,-0.9738562091503268,1.8748345823428683
S221,126,A,1.6333333333333333,1.3986111111111108,0.16883901014109348,1.3288135593220338,0.7698412698412699,1.8498271975505962
S263,152,C,1.7791666666666666,1.1848684210526317,0.3304798758723249,0.9046610169491526,-0.29605263157894735,1.8167913427573044
S202,133,B,1.6666666666666667,1.323586292571255,0.2333630467366728,0.3472222222222222,-5.654135338345864,1.8131998340579845
S392,138,B,1.7166666666666666,1.2488612836438924,0.2377972671950528,1.2189349112426036,0.5362318840579711,1.8024250507075248
S064,134,A,1.6541666666666666,1.3149549869699122,0.23928369165583285,0.03173714925253817,-90.38805970149254,1.8011739405521197
S092,130,B,1.6583333333333334,1.3122741147741146,0.18837292911521392,1.236024844720497,0.5846153846153846,1.7992080994990112
S138,159,B,1.7125,1.1396979789530213,0.3163143164428903,0.1530156366344006,-14.30817610062893,1.7869027986655435
S141,130,B,1.75,1.2906166056166057,0.2761026364457683,1.2280701754385965,0.6,1.78171555723365
S066,141,A,1.6166666666666667,1.280310424406169,0.2744123459533836,0.412327311370882,-3.921985815602837,1.77436546920497
S174,126,B,1.4416666666666667,1.4401455026455028,0.1593941807690154,1.3675889328063242,0.7380952380952381,1.7716831049829247
S113,132,C,1.6041666666666667,1.3106902356902357,0.23057242339679815,1.2379421221864952,0.5606060606060606,1.7561137371110638
S310,144,B,1.6916666666666667,1.240286044973545,0.36171230676796823,1.2265861027190332,0.5208333333333334,1.7488262643696122
S075,134,A,1.625,1.2803482587064676,0.26239987871587345,1.1854103343465046,0.4552238805970149,1.735561871654362
S216,148,B,1.7708333333333333,1.1451120763620763,0.352433783777745,1.1154855643044619,0.2972972972972973,1.7324348508941474
S169,123,B,1.4958333333333333,1.3960898180410375,0.19638507550110618,1.344569288389513,0.7479674796747967,1.7201116575869042
S245,163,C,1.6083333333333334,1.0930178206251826,0.30104457530531253,0.6701388888888888,-1.165644171779141,1.7113411503575229
S110,154,C,1.775,1.0949675324675323,0.3739127153960758,1.0047169811320755,0.012987012987012988,1.7112583247196371
S256,130,B,1.7125,1.1904761904761905,0.23409754200825628,1.0989304812834224,0.2846153846153846,1.68398787610012
S258,140,B,1.725,1.151001984126984,0.31332230102771924,0.672077922077922,-1.4428571428571428,1.6799932693801496
S172,137,B,1.4833333333333334,1.3054744525547446,0.2934959833294854,1.2233676975945018,0.4744525547445255,1.6735551056605098
S146,187,B,1.4666666666666666,1.0611959787093475,0.3920487880231103,0.44221105527638194,-2.374331550802139,1.6696187539641394
S360,151,B,1.6875,1.1047776726584673,0.3488909534838598,0.9353348729792148,-0.18543046357615894,1.6661139414209194
S025,135,C,1.5625,1.2206878306878306,0.22876698300719467,1.2135922330097086,0.4888888888888889,1.6632867122414468
S152,137,A,1.6583333333333334,1.1971553385786962,0.3336456869161711,1.1024930747922437,0.27007299270072993,1.6529486170597127
S237,121,A,1.3666666666666667,1.430578512396694,0.20482253033718098,1.2964426877470356,0.6198347107438017,1.643208705639567
S157,132,A,1.6458333333333333,1.2175468723782679,0.3097198129894155,0.011867563994712175,-249.1590909090909,1.6428510195054529
S197,125,B,1.475,1.3274533333333334,0.27708189226666663,0.6030664395229983,-1.864,1.6078055646179559
S115,141,A,1.6583333333333334,1.1310452549814252,0.3696410582687322,0.5031605562579013,-2.7872340425531914,1.5937795041872178
S376,138,B,1.4916666666666667,1.232638888888889,0.371685432601986,0.4779706275033378,-2.8333333333333335,1.5666931858954118
S186,132,C,1.5708333333333333,1.1842177163648453,0.3105745347636986,0.14595431668602402,-16.71212121212121,1.5623754894516115
S213,166,C,1.025,1.32429718875502,0.25075502814470735,1.3155080213903743,0.35542168674698793,1.5395229165422237
S054,129,B,1.7208333333333334,1.096280915466962,0.34219541824568567,0.826,-0.6744186046511628,1.5237572520329232
S067,169,C,0.9708333333333333,1.2810650887573964,0.19598597932689876,1.2802197802197801,0.30177514792899407,1.4907386041641593
S191,133,B,1.4625,1.1709258861439311,0.35981493874698767,0.07506415739948674,-32.5187969924812,1.4555924688449162
S318,107,A,1.4416666666666667,1.1711059190031152,0.2723381590823071,1.157190635451505,0.4392523364485981,1.2758646391567023
S269,155,A,0.8791666666666667,1.1981182795698924,0.3622442189848537,0.25178997613365156,-4.04516129032258,1.125450561756862
S046,159,A,0.8208333333333333,0.9570230607966458,0.3185582936680598,0.8873873873873874,-0.15723270440251572,0.8675047290094597
S260,145,B,0.7666666666666667,1.0511666666666668,0.3636789501915709,0.3177892918825561,-2.7241379310344827,0.7740087796543079
S149,81,C,1.0458333333333334,1.2651528512639623,0.32927794617821726,1.224390243902439,0.5679012345679012,0.7370329989269008
S253,72,C,0.9291666666666667,1.318854717813051,0.254122841750369,1.252808988764045,0.625,0.5986718604476788
S002,95,A,1.1375,0.9197493734335839,0.4285173497653908,0.883495145631068,-0.37894736842105264,0.5738397504716788
S039,63,C,1.6041666666666667,0.8825198412698412,0.4528633401045603,0.4074074074074074,-8.88888888888889,0.45402596160699
S332,51,A,1.2708333333333333,1.2173529411764707,0.2976346597462514,0.7942708333333334,-1.5490196078431373,0.44023116443873184
S333,124,B,0.7416666666666667,0.9455620839733744,0.4843263689562338,0.11641595814257685,-10.89516129032258,0.4022093342773316
S304,100,A,0.65,1.1711666666666667,0.3774214166666666,0.45614035087719296,-1.86,0.3489316151309738
S313,69,C,1.6,0.6798884288014723,0.4861752962851303,0.37684003925417076,-9.202898550724637,0.3179990040706219
S271,62,C,1.0291666666666666,1.0423963133640555,0.4331237361403112,0.7694704049844237,-1.1935483870967742,0.1667251848949252
S357,68,C,0.9166666666666666,1.029330065359477,0.4074646837220727,1.0679611650485437,0.20588235294117646,0.14651475504888817
S342,40,C,0.9333333333333333,1.3182936507936507,0.15918469545225497,1.2727272727272727,1.2,0.0677498838572786
S065,88,A,0.7875,0.7061056998556999,0.22581968147968556,0.875,-0.3068181818181818,0.03725020659508385
S163,78,A,1.05,0.6534188034188034,0.42007378186865363,0.30920245398773005,-7.217948717948718,0.03565701949913062
S069,98,B,0.7041666666666667,0.7866618075801749,0.36121416305658743,0.45308310991957107,-2.0816326530612246,0.0342057788092984
S178,45,A,0.6791666666666667,1.4711904761904764,0.13710088183421518,1.3360655737704918,0.9111111111111111,0.0324592600306171
S379,37,C,1.0375,1.2107078507078506,0.1376360559125038,1.1369863013698631,0.8108108108108109,-0.00035256841827928164
S233,85,B,0.7458333333333333,0.8212231559290384,0.4452932603106602,0.8099547511312217,-0.49411764705882355,-0.06873069241800538
S159,82,A,0.8958333333333334,0.7091608594657375,0.5058012101454701,0.849802371541502,-0.4634146341463415,-0.07316957516233502
S224,110,B,0.45,0.9260606060606061,0.2693612488521579,0.3673469387755102,-1.690909090909091,-0.1041150870254291
S280,116,B,0.5291666666666667,0.6965260673234811,0.42357534394771335,0.14648212226066898,-6.379310344827586,-0.21181509484565078
S035,100,A,0.6,0.5023409090909091,0.2409243238636364,0.6371681415929203,-0.82,-0.31916496494977903
S227,39,A,1.0583333333333333,0.9367256817256818,0.40321576116116215,0.5825688073394495,-4.666666666666667,-0.3556644957504283
S036,54,B,0.5166666666666667,1.2359567901234567,0.29553452693949095,1.24,0.4444444444444444,-0.3828038883452267
S265,80,A,0.5875,0.6756875,0.23211074262152778,0.24394463667820068,-5.4625,-0.38501749660764517
S388,71,B,0.475,0.9298289738430583,0.10180028134377465,0.22309197651663404,-5.591549295774648,-0.3916646269069557
S207,91,C,0.6416666666666667,0.5903846153846155,0.47275324034939425,0.27697841726618705,-4.417582417582418,-0.39961451151231353
S173,39,C,1.55,0.512912087912088,0.42582261602866,0.20217391304347826,-37.64102564102564,-0.4121774184267282
S010,88,B,0.7083333333333334,0.3847537878787879,0.32306695326848023,0.2951388888888889,-4.613636363636363,-0.4464222496622805
S362,70,C,0.37916666666666665,1.0964285714285715,0.08802295918367345,1.1375,0.15714285714285714,-0.45735672007334016
S117,98,B,0.5125,0.5372167715571077,0.23592874563820762,0.037037037037037035,-32.63265306122449,-0.45928489068595263
S226,59,A,0.8333333333333334,0.675668549905838,0.45033210692258857,0.8032128514056225,-0.8305084745762712,-0.47171384088143065
S128,71,A,0.5541666666666667,0.8791079812206573,0.42064724812096366,1.0555555555555556,0.09859154929577464,-0.4721257478006252
S381,32,A,0.8375,1.1453125,0.30653184678819445,0.9757281553398058,-0.15625,-0.5201459480337792
S209,73,A,0.6791666666666667,0.5726712328767124,0.41112714914201126,0.5927272727272728,-1.5342465753424657,-0.5413721058390195
S030,29,A,0.675,1.335632183908046,0.19782996432818073,1.2857142857142858,1.2413793103448276,-0.5817619834041783
S235,38,B,0.7875,0.9972744360902258,0.37181517095527045,0.6136363636363636,-3.1315789473684212,-0.5972044433173201
S102,64,A,0.5458333333333333,0.8531541982323232,0.4740943248719588,0.21163166397415187,-7.625,-0.6514551227817006
S071,72,A,0.7958333333333333,0.16631944444444446,0.15169065875771606,0.5823170731707317,-1.9027777777777777,-0.6517475035187897
S024,77,B,0.5166666666666667,0.7067099567099567,0.5067440774027046,0.5276595744680851,-1.4415584415584415,-0.689521983646587
S270,64,C,0.38333333333333336,0.9428571428571428,0.13374627976190478,1.010989010989011,0.015625,-0.7138159801191954
S104,72,A,0.6458333333333334,0.38767636684303347,0.3406432835765766,0.3333333333333333,-4.305555555555555,-0.7470802368694154
S293,67,A,0.8,0.17448053848405035,0.2480449531508907,0.14339058999253174,-17.119402985074625,-0.7638769827873096
S386,54,B,0.49583333333333335,0.9368827160493828,0.3848652311004421,1.0818181818181818,0.16666666666666666,-0.776869189530766
S127,64,A,0.6583333333333333,0.4959635416666667,0.48126517401801217,0.32510288065843623,-5.125,-0.8259585516968382
S267,89,C,0.3416666666666667,0.6466604244694132,0.23688344079887658,0.11631205673758865,-7.0,-0.8521787898635957
S167,70,A,0.5666666666666667,0.445,0.35701865079365086,0.6044444444444445,-1.2714285714285714,-0.8586152315777744
S369,67,C,0.6083333333333333,0.46709547500592274,0.4527422945852187,0.06919431279620854,-29.313432835820894,-0.8693989888828715
S336,47,A,0.6,0.8017730496453902,0.40876163170866653,1.125,0.3404255319148936,-0.8750313346831196
S165,95,A,0.3125,0.6947368421052632,0.3239196675900277,0.11346444780635401,-6.168421052631579,-0.8787180674984292
S017,67,A,0.575,0.41345060412224593,0.3194992729771793,0.711340206185567,-0.835820895522388,-0.8967891372077141
S254,45,A,0.6708333333333333,0.7272486772486773,0.46614047759021315,1.0522875816993464,0.17777777777777778,-0.9181751919328467
S182,48,C,0.6375,0.8069444444444445,0.6157503858024692,0.7688442211055276,-0.9583333333333334,-0.9275362719269761
S334,72,C,0.6166666666666667,0.1221064814814815,0.13285717539008918,0.06690777576853527,-28.666666666666668,-0.9408836112654329
S299,136,A,0.25833333333333336,0.3900857843137255,0.21548955554954818,0.0549645390070922,-7.838235294117647,-0.9522586747859573
S383,34,C,0.6125,1.0034313725490198,0.37860750672818144,1.0208333333333333,0.08823529411764706,-0.9577680189610945
S090,43,C,0.6041666666666666,0.8345238095238096,0.46572305278700626,0.5918367346938775,-2.3255813953488373,-0.9607609531439436
S153,56,B,0.7291666666666666,0.29363095238095244,0.3523699511054422,0.06576475009394964,-44.392857142857146,-0.9781713082516714
S121,54,A,0.5708333333333333,0.5486111111111112,0.3632658179012344,0.7445652173913043,-0.8703703703703703,-1.010998859101478
S022,66,A,0.5833333333333334,0.3188888888888889,0.3792789001122335,0.445859872611465,-2.6363636363636362,-1.0282206195655876
S042,56,A,0.575,0.5147534013605443,0.4107186223766718,0.45695364238410596,-2.9285714285714284,-1.0306371191242618
S394,66,A,0.6,0.1878787878787879,0.21265610651974282,0.16783216783216784,-10.818181818181818,-1.033200357749169
S199,48,B,0.5416666666666666,0.7196949404761904,0.41235205906689937,0.08452535760728218,-29.333333333333332,-1.0405938062626727
S228,57,C,0.6291666666666667,0.3431495405179616,0.3734206190427335,0.0391597510373444,-65.0,-1.0713179310068914
S089,43,A,0.5875,0.8023532668881506,0.5491380905165384,0.5529411764705883,-2.6511627906976742,-1.0768067735559843
S106,39,A,0.32083333333333336,1.2572649572649575,0.24146431441303237,1.2622950819672132,0.41025641025641024,-1.1321643555126744
S105,55,B,0.5,0.48060606060606054,0.32330538408200726,0.6779661016949152,-1.0363636363636364,-1.169022493225208
S021,62,A,0.3333333333333333,0.842741935483871,0.4485001878829923,0.24691358024691357,-3.935483870967742,-1.1701528076724907
S279,49,C,0.37083333333333335,0.9448088759313249,0.4527315125689315,0.31338028169014087,-3.979591836734694,-1.1995211927699752
S331,74,C,0.2916666666666667,0.6373873873873874,0.24876734842951057,0.3181818181818182,-2.027027027027027,-1.211010211735409
S170,41,A,0.5625,0.7487262872628727,0.5380396001791997,0.3994082840236686,-4.951219512195122,-1.2139264396235088
S217,43,A,0.5791666666666667,0.5609449981543004,0.42324759057520006,0.7202072538860104,-1.255813953488372,-1.249291505049332
S053,31,A,0.32083333333333336,1.3059139784946237,0.1408521216325587,1.2833333333333334,0.5483870967741935,-1.2574529890089663
S077,58,B,0.5333333333333333,0.2611494252873563,0.30640174395560843,0.48120300751879697,-2.3793103448275863,-1.2607997358254834
S232,40,B,0.49583333333333335,0.8105158730158729,0.4802201672335601,0.8623188405797102,-0.475,-1.2641935489399632
S211,62,A,0.24166666666666667,0.9059139784946236,0.1743915481558562,0.18181818181818182,-4.209677419354839,-1.265873142857483
S020,89,C,0.3,0.3806179775280899,0.3125090126106412,0.39344262295081966,-1.247191011235955,-1.2921145774637177
S004,103,B,0.26666666666666666,0.32682385575589457,0.30325488579948257,0.08976157082748948,-6.300970873786408,-1.3121301422458265
S295,83,A,0.23333333333333334,0.6206024096385542,0.2202749383074467,0.045454545454545456,-14.168674698795181,-1.3200242458631035
S193,30,B,0.42083333333333334,1.1003174603174601,0.32574630889392797,1.2023809523809523,0.5666666666666667,-1.3292749794249503
S359,48,C,0.35833333333333334,0.8359953703703704,0.40655991458762,0.4648648648648649,-2.0625,-1.3338389143485148
S061,67,C,0.35,0.573270013568521,0.4921044708614325,0.06287425149700598,-18.686567164179106,-1.341783425454803
S375,61,B,0.4666666666666667,0.21129326047358835,0.22961542927860226,0.2248995983935743,-6.327868852459017,-1.3494150561622953
S187,84,A,0.30833333333333335,0.37323747680890534,0.3455854771351392,0.4625,-1.0238095238095237,-1.349711294206744
S301,40,C,0.37083333333333335,0.9441964285714285,0.368786790497449,1.0595238095238095,0.125,-1.3502415559936014
S029,90,B,0.2833333333333333,0.3397367724867725,0.3117762107881218,0.06967213114754098,-10.088888888888889,-1.3785467347572455
S248,85,B,0.2875,0.4455882352941177,0.4298212226066899,0.13346228239845262,-5.270588235294118,-1.3877423664737243
S347,69,C,0.3416666666666667,0.5603864734299517,0.5543244883194473,0.7663551401869159,-0.36231884057971014,-1.391488926931982
S214,93,B,0.21666666666666667,0.5053763440860215,0.22308937449416125,0.09576427255985268,-5.279569892473118,-1.3971820381127045
S011,43,C,0.3541666666666667,0.8899501661129567,0.40361073553272037,1.0119047619047619,0.023255813953488372,-1.3997319390561547
S312,61,A,0.32083333333333336,0.6567135050741608,0.4383860280652618,0.5789473684210527,-0.9180327868852459,-1.4041651717543466
S397,59,B,0.21666666666666667,0.8728813559322034,0.10672220626256822,0.8666666666666667,-0.13559322033898305,-1.4213057189235507
S326,62,C,0.3416666666666667,0.5230030721966205,0.39067495858905493,0.06737880032867707,-18.306451612903224,-1.428606280019966
S242,65,A,0.32916666666666666,0.5333760683760683,0.4231240485060998,0.13122923588039867,-8.046153846153846,-1.4286210121274805
S180,59,B,0.21666666666666667,0.864406779661017,0.10873312266590061,0.8524590163934426,-0.15254237288135594,-1.4308429945508592
S019,58,B,0.45416666666666666,0.2675862068965517,0.3377646716871449,0.3935018050541516,-2.896551724137931,-1.4337374671526464
S047,89,B,0.275,0.3739700374531835,0.3974341763806478,0.00746606334841629,-98.58426966292134,-1.4374107129216254
S391,79,C,0.2916666666666667,0.48316281209352496,0.4848270646017099,0.07777777777777778,-10.50632911392405,-1.4446423588494715
S142,46,B,0.5041666666666667,0.39565217391304347,0.37258979206049153,0.5084033613445378,-2.5434782608695654,-1.4542038088794933
S130,96,A,0.25,0.3025173611111111,0.2842767936800733,0.17595307917888564,-2.9270833333333335,-1.4602330455060433
S300,11,A,1.2458333333333333,0.8749449035812673,0.3172582948189635,0.7766233766233767,-7.818181818181818,-1.4675696663405293
S028,49,B,0.44166666666666665,0.49730320699708447,0.4483827789063703,0.726027397260274,-0.8163265306122449,-1.469417492016091
S274,49,A,0.32083333333333336,0.822108843537415,0.47441482715535194,0.4301675977653631,-2.0816326530612246,-1.4811652268264044
S027,47,A,0.3375,0.8026849037487335,0.46135321489392506,0.9759036144578314,-0.0425531914893617,-1.4830928673900894
S353,40,B,0.2833333333333333,1.1041666666666667,0.40859375,1.152542372881356,0.225,-1.48410596141413
S311,80,B,0.2708333333333333,0.47470238095238093,0.44775501346371877,0.34946236559139787,-1.5125,-1.4904592997087298
S164,78,C,0.3,0.3577787952787953,0.3856258694778104,0.08144796380090498,-10.41025641025641,-1.491176759416501
S243,86,A,0.2625,0.3478682170542635,0.32560249289007104,0.4846153846153846,-0.7790697674418605,-1.5004742036620242
S176,80,B,0.2125,0.5625,0.20859375,0.13110539845758354,-4.225,-1.5019246533415338
S050,32,B,0.275,1.290922619047619,0.33180039593962585,1.2941176470588236,0.46875,-1.503219619330283
S185,83,A,0.26666666666666666,0.38206157965194104,0.3863329802924325,0.1285140562248996,-5.228915662650603,-1.5229833348045465
S122,45,A,0.30416666666666664,0.9933333333333333,0.592511111111111,1.0579710144927537,0.08888888888888889,-1.529015395648875
S032,64,C,0.29583333333333334,0.5478050595238095,0.41942802308097726,0.7319587628865979,-0.40625,-1.5341230345221348
S059,98,C,0.19583333333333333,0.4032312925170068,0.21240599865796664,0.05919395465994962,-7.622448979591836,-1.5420608914196534
S018,72,B,0.275,0.5371527777777777,0.486390697337963,0.584070796460177,-0.6527777777777778,-1.5433071425166338
S171,63,C,0.3,0.5684303350970017,0.4664744516919709,0.72,-0.4444444444444444,-1.5454773016168668
S261,65,B,0.2875,0.5085091575091575,0.35754190524493823,0.053117782909930716,-18.923076923076923,-1.548080956717485
S278,83,A,0.25833333333333336,0.3469018932874354,0.3175407391388354,0.14385150812064965,-4.445783132530121,-1.5481443917667363
S325,61,C,0.30416666666666664,0.5673952641165756,0.4423815780305971,0.14570858283433133,-7.016393442622951,-1.5493912750894308
S319,71,B,0.275,0.5088195841716968,0.4318031034406755,0.04586518415566365,-19.338028169014084,-1.550197157614522
S380,50,C,0.3541666666666667,0.675142857142857,0.5475204444444445,0.04228855721393035,-38.5,-1.5581885933268076
S302,89,A,0.24583333333333332,0.3320224719101123,0.3441274951254751,0.03871391076115486,-16.46067415730337,-1.5587534979468802
S366,61,B,0.20416666666666666,0.7868852459016393,0.15950013437248048,0.7777777777777778,-0.22950819672131148,-1.561661237670152
S377,57,C,0.29583333333333334,0.7033834586466166,0.5250423573553767,0.8352941176470589,-0.24561403508771928,-1.5635339706331568
S401,67,B,0.2791666666666667,0.5150675195451315,0.41976366264928777,0.335,-1.9850746268656716,-1.5792506719023898
S322,64,B,0.2833333333333333,0.5257626488095238,0.39252393207852804,0.3655913978494624,-1.84375,-1.582459120082559
S200,73,B,0.2708333333333333,0.4897527130403842,0.47638405456344796,0.06707946336429309,-12.383561643835616,-1.5855920014002611
S118,70,B,0.275,0.5335884353741497,0.5131337420172151,0.03514376996805112,-25.885714285714286,-1.5928687046329704
S041,62,C,0.29583333333333334,0.5423387096774194,0.4555069408313099,0.3497536945812808,-2.129032258064516,-1.5944291354555413
S220,62,C,0.2916666666666667,0.5512288786482334,0.44989242592631934,0.11235955056179775,-8.919354838709678,-1.5960950097902133
S145,73,A,0.2625,0.4225483800826267,0.33723423027808735,0.024676850763807285,-34.10958904109589,-1.596652956803181
S091,52,A,0.30416666666666664,0.7186355311355311,0.5024149051879134,0.5793650793650794,-1.0192307692307692,-1.5970852818432595
S234,101,C,0.1875,0.3417303574784103,0.19262685531375673,0.012451577199778638,-35.336633663366335,-1.6058899927523347
S249,60,B,0.2791666666666667,0.6126587301587301,0.4432189137692114,0.18356164383561643,-4.966666666666667,-1.6069616516687135
S286,40,B,0.2791666666666667,1.0837499999999998,0.5503539930555555,1.1166666666666667,0.175,-1.6126363796937062
S097,74,A,0.2625,0.38984309309309306,0.3483776315780871,0.003967254408060453,-213.74324324324326,-1.6224768755708376
S096,54,A,0.30416666666666664,0.7163065843621399,0.5915895194033769,0.003987763574784224,-337.64814814814815,-1.6230660248466084
S107,63,C,0.2875,0.6052539682539683,0.5762663093978333,0.04627766599597585,-22.571428571428573,-1.6254998669674974
S084,71,C,0.2916666666666667,0.3332550860719875,0.374508122898406,0.12727272727272726,-6.76056338028169,-1.6310371779411046
S133,30,C,0.29583333333333334,1.1844444444444446,0.39277654320987654,1.1639344262295082,0.3333333333333333,-1.638448014306833
S148,80,A,0.24583333333333332,0.3092499999999999,0.26225638194444445,0.057392996108949414,-12.1125,-1.6398762676457959
S259,54,B,0.2791666666666667,0.7018518518518518,0.4915500685871057,0.4240506329113924,-1.6851851851851851,-1.6546667407866182
S296,50,A,0.25833333333333336,0.8433333333333333,0.4849000000000001,0.9253731343283582,-0.1,-1.6633056794937588
S184,53,A,0.30416666666666664,0.5581761006289307,0.39242234831514183,0.12436115843270869,-9.69811320754717,-1.6676219095223181
S205,71,A,0.25,0.4791079812206573,0.42998997112565845,0.17341040462427745,-4.028169014084507,-1.6740634190420427
S389,46,B,0.2875,0.871123188405797,0.5842487988342786,0.13142857142857142,-9.91304347826087,-1.6797464827497435
S198,87,A,0.225,0.2610837438423645,0.24518073182503292,0.11612903225806452,-4.724137931034483,-1.682936067104733
S399,61,B,0.2708333333333333,0.577568306010929,0.48827191017946187,0.22727272727272727,-3.622950819672131,-1.6851949797937524
S384,46,C,0.37083333333333335,0.48134057971014493,0.40165212796681365,0.8317757009345794,-0.391304347826087,-1.6936889849641033
S316,43,B,0.2875,0.8594961240310076,0.526164668589628,0.9857142857142858,-0.023255813953488372,-1.7186070302967227
S082,72,A,0.24166666666666667,0.45611772486772495,0.43773554837315587,0.58,-0.5833333333333334,-1.721914651948251
S339,72,C,0.18333333333333332,0.5972222222222222,0.23360339506172842,0.07678883071553229,-7.347222222222222,-1.7342582164518225
S001,91,B,0.20416666666666666,0.33736263736263733,0.37728535201062674,0.21212121212121213,-2.0,-1.7371349492473813
S385,82,B,0.22083333333333333,0.3729674796747967,0.40196910734351243,0.20463320463320464,-2.5121951219512195,-1.7425270269601911
S341,60,A,0.2625,0.505747619047619,0.41012700886621306,0.04387186629526462,-22.883333333333333,-1.7543968057712214
S132,50,A,0.2625,0.6456666666666666,0.3789978888888888,0.84,-0.24,-1.7774089030938596
S101,73,A,0.23333333333333334,0.3917808219178082,0.40926463689247505,0.07088607594936709,-10.054794520547945,-1.7894894910467396
S116,37,A,0.3125,0.8946267696267696,0.5908233454082874,0.8620689655172413,-0.32432432432432434,-1.7952394499555024
S351,39,C,0.18333333333333332,1.1282051282051282,0.21433267587113727,1.1282051282051282,0.1282051282051282,-1.8055292420116527
S048,50,B,0.2708333333333333,0.6551904761904761,0.5157867777777778,0.6989247311827957,-0.56,-1.8247922800028868
S276,78,B,0.21666666666666667,0.2778510378510378,0.2984687350636068,0.07123287671232877,-8.692307692307692,-1.8439456738460342
S079,52,B,0.26666666666666666,0.6004578754578754,0.5065918887278777,0.23616236162361623,-3.980769230769231,-1.8496323382673285
S087,38,A,0.26666666666666666,0.8754260651629072,0.4517052337925013,0.7441860465116279,-0.5789473684210527,-1.852228363947879
S354,64,A,0.2375,0.4252604166666667,0.39691833496093754,0.02435897435897436,-35.671875,-1.8621552613660366
S371,70,B,0.225,0.35476938775510203,0.3570369013045491,0.018698060941828253,-40.48571428571429,-1.8725277912229596
S100,91,C,0.175,0.17628205128205127,0.17483504743120123,0.02857142857142857,-15.692307692307692,-1.9347963026825288
S287,60,B,0.275,0.12055555555555554,0.141595987654321,0.07875894988066826,-12.866666666666667,-1.9370049253758408
S177,77,C,0.19583333333333333,0.3403679653679654,0.37217724555386883,0.32413793103448274,-1.2727272727272727,-1.9397134692893796
S215,76,B,0.20833333333333334,0.2154761904761905,0.24431577455543613,0.0427715996578272,-14.723684210526315,-1.9401866575076603
S370,50,A,0.24166666666666667,0.6146571428571428,0.4726254901587302,0.15718157181571815,-6.22,-1.9506044331135506
S400,72,B,0.22083333333333333,0.2629629629629629,0.35220850480109744,0.06575682382133995,-10.458333333333334,-1.9519209475734591
S099,41,A,0.25,0.8278164924506388,0.5665484317859605,0.04246284501061571,-33.0,-1.9654595052259403
S134,65,B,0.21666666666666667,0.42410256410256403,0.44948744247205785,0.10097087378640776,-7.123076923076923,-1.9729587355604403
S396,91,A,0.15833333333333333,0.27503663003663004,0.2534198399280817,0.03612167300380228,-11.142857142857142,-1.9801358686421446
S161,72,C,0.19583333333333333,0.27617870370370373,0.30550145504029486,0.0018837675350701403,-345.875,-2.0308985688737162
S052,45,A,0.225,0.7055555555555556,0.4748765432098764,0.8571428571428571,-0.2,-2.0380003927389465
S345,33,C,0.3625,0.5762626262626263,0.5355055606570758,0.8529411764705882,-0.45454545454545453,-2.041089449988102
S390,49,B,0.275,0.33095238095238094,0.3514739229024943,0.25680933852140075,-3.8979591836734695,-2.048968823507876
S252,59,C,0.2,0.4553672316384181,0.3697781608094737,0.03247631935047361,-24.23728813559322,-2.06845605701083
S188,26,B,0.2125,1.1903846153846156,0.33842250164365545,1.2142857142857142,0.34615384615384615,-2.0732036092198323
S230,34,B,0.21666666666666667,1.0465686274509802,0.5617611014994234,0.03278688524590164,-45.11764705882353,-2.0736855980589683
S246,72,C,0.18333333333333332,0.28472222222222215,0.2869425154320988,0.0032336297493936943,-188.375,-2.077420094915529
S057,58,B,0.20833333333333334,0.5168308702791461,0.5183362385778727,0.4132231404958678,-1.2241379310344827,-2.0788153409294
S160,68,C,0.1875,0.3240460052677787,0.3487687202456002,0.0007178407350689127,-921.2205882352941,-2.1095404066943906
S368,30,C,0.35833333333333334,0.49333333333333335,0.36993240740740724,0.6666666666666666,-1.4333333333333333,-2.1237783536278663
S378,55,B,0.20416666666666666,0.46202020202020205,0.4241557392102849,0.22580645161290322,-3.0545454545454547,-2.14531299406381
S363,46,A,0.23333333333333334,0.47013457556935817,0.3699821814359014,0.5833333333333334,-0.8695652173913043,-2.1485592374970426
S085,56,C,0.19166666666666668,0.4415391156462585,0.327994800705146,0.46,-0.9642857142857143,-2.151722019529696
S350,75,A,0.1625,0.3108444444444444,0.323578101728395,0.031630170316301706,-15.92,-2.152721942913188
S070,35,C,0.19166666666666668,0.9723809523809523,0.4535546485260771,0.4946236559139785,-1.3428571428571427,-2.1689484607125102
S125,59,B,0.20416666666666666,0.3369652945924132,0.3760485329820905,0.20851063829787234,-3.152542372881356,-2.1700924536234867
S038,80,A,0.15,0.3197916666666666,0.3530284288194444,0.3829787234042553,-0.725,-2.1770024168119195
S240,64,B,0.20416666666666666,0.09817708333333333,0.1153460693359375,0.49,-0.796875,-2.1786531689949453
S068,69,C,0.175,0.24492753623188404,0.23935027655254507,0.14583333333333334,-3.5652173913043477,-2.1788912855948954
S137,84,B,0.1375,0.2341269841269841,0.2105615394305871,0.006148686416992733,-63.5,-2.217924640790658
S335,52,B,0.20833333333333334,0.4596153846153846,0.47902079224194616,0.00417641162712997,-229.26923076923077,-2.2190413949883534
S320,62,C,0.175,0.36102918586789556,0.3587343514998785,0.1253731343283582,-4.725806451612903,-2.239976976396995
S043,68,A,0.1625,0.3137254901960784,0.3151792579777009,0.11174785100286533,-4.5588235294117645,-2.2428238315935634
S285,79,A,0.14583333333333334,0.2718821579264617,0.3153278535104156,0.005285412262156448,-83.37974683544304,-2.2430288017445825
S058,76,B,0.14166666666666666,0.30372807017543857,0.3146388792705448,0.09523809523809523,-4.25,-2.278476055790929
S081,31,B,0.20416666666666666,0.9290322580645162,0.4696409989594172,1.0208333333333333,0.03225806451612903,-2.280935736940296
S045,82,B,0.12916666666666668,0.2764227642276423,0.2786040055522507,0.2108843537414966,-1.4146341463414633,-2.301013044391858
S094,51,C,0.17083333333333334,0.5473856209150326,0.418642402494767,0.16872427983539096,-3.9607843137254903,-2.310210809308525
S060,25,C,0.35833333333333334,0.46299999999999997,0.3281219863945578,0.9662921348314607,-0.12,-2.3111071719313063
S009,80,B,0.12916666666666668,0.22208333333333333,0.1843873263888889,0.043356643356643354,-8.55,-2.3267577022175336
S317,85,A,0.12083333333333333,0.2858823529411765,0.31109480968858133,0.0932475884244373,-3.3176470588235296,-2.3413679046385094
S147,20,B,0.45,0.4875,0.4515798611111112,0.6835443037974683,-2.5,-2.3586792001116414
S387,76,B,0.1375,0.22587719298245615,0.27463738842720836,0.016105417276720352,-26.526315789473685,-2.36272251394892
S008,56,C,0.17083333333333334,0.3053571428571429,0.2764891581632653,0.43617021276595747,-0.9464285714285714,-2.3726335488395596
S277,82,C,0.125,0.233130081300813,0.2773204193932183,0.017761989342806393,-20.23170731707317,-2.3763501621904037
S402,73,B,0.14583333333333334,0.11940639269406393,0.1487139550885094,0.03653444676409186,-12.643835616438356,-2.380183394361648
S162,89,C,0.11666666666666667,0.17883895131086144,0.21559777805832592,0.028282828282828285,-10.808988764044944,-2.382514545990772
S231,78,C,0.12916666666666668,0.2467948717948718,0.29673118014464156,0.007370423204945316,-53.52564102564103,-2.3912377037244372
S063,77,C,0.125,0.2965692640692641,0.31500490573639933,0.03177966101694915,-11.87012987012987,-2.3979431267150533
S290,73,C,0.12916666666666668,0.30593607305936077,0.2960530430975167,0.010381781647689216,-40.47945205479452,-2.3979478286468194
S344,45,B,0.225,0.20912169312169313,0.25522082091766757,0.23893805309734514,-3.8222222222222224,-2.3998816145192827
S155,54,A,0.16666666666666666,0.40052469135802465,0.384909652682518,0.0966183574879227,-6.925925925925926,-2.403498756926413
S289,56,A,0.16666666666666666,0.31636904761904766,0.3430108241213152,0.03350083752093802,-20.607142857142858,-2.4256754481532394
S349,35,C,0.175,0.8238095238095239,0.4903854875283447,0.875,-0.17142857142857143,-2.4325963146206906
S196,48,A,0.16666666666666666,0.5371527777777777,0.4673060136959877,0.6779661016949152,-0.3958333333333333,-2.43701764146561
S034,77,C,0.125,0.14660173160173162,0.12211936807780965,0.017584994138335287,-21.766233766233768,-2.4395294940772327
S297,74,C,0.12916666666666668,0.24369369369369367,0.2982860563265968,0.006340764982614031,-65.64864864864865,-2.4478959099724307
S179,74,B,0.12916666666666668,0.2545045045045045,0.324491721451181,0.0491283676703645,-8.108108108108109,-2.452604475364843
S109,56,A,0.15,0.3988095238095238,0.35260770975056693,0.27692307692307694,-1.6785714285714286,-2.454404086119708
S095,71,B,0.13333333333333333,0.22875586854460095,0.2772491954859044,0.29357798165137616,-1.0845070422535212,-2.4601838800491627
S136,44,C,0.175,0.5359848484848485,0.4452013028007346,0.049008168028004666,-18.522727272727273,-2.4620876639236733
S183,82,C,0.11666666666666667,0.22571646341463414,0.2996627679301755,0.0031839890834659997,-106.90243902439025,-2.4658110226350267
S112,16,B,0.5125,0.3270833333333334,0.23631510416666668,0.6507936507936508,-4.125,-2.482016124590145
S204,27,A,0.3375,0.21851851851851853,0.23492455418381336,0.680672268907563,-1.4074074074074074,-2.4842798725120776
S158,51,A,0.15416666666666667,0.49346405228758167,0.46101392626767473,0.0036435253569670114,-198.3921568627451,-2.4939464431189213
S373,71,A,0.125,0.21793124337422384,0.20878198976509169,0.03880983182406209,-10.464788732394366,-2.496573503511359
S219,36,A,0.15,0.8611111111111112,0.45293209876543217,0.10619469026548672,-8.416666666666666,-2.496767395832202
S013,29,C,0.18333333333333332,0.9077586206896552,0.5106510107015457,1.0,0.0,-2.5036946575434738
S181,58,A,0.15,0.34683908045977013,0.4108760239133308,0.06206896551724138,-9.379310344827585,-2.507293911258971
S093,59,A,0.15,0.25084745762711863,0.2829041782374158,0.029654036243822075,-19.966101694915253,-2.5087396186708495
S203,28,A,0.15,0.988095238095238,0.31136621315192736,1.0588235294117647,0.07142857142857142,-2.5335393681112155
S168,65,B,0.12916666666666668,0.31153846153846154,0.34578566732412885,0.019533711405166982,-23.93846153846154,-2.5380387381112546
S212,68,C,0.12916666666666668,0.15465686274509802,0.15350364042675893,0.03147208121827411,-14.029411764705882,-2.53983609049726
S192,68,C,0.125,0.28397058823529414,0.34605335207612464,0.036231884057971016,-11.735294117647058,-2.5534378319234468
S283,68,A,0.125,0.2160364145658263,0.24374860238212925,0.23255813953488372,-1.4558823529411764,-2.5613546953836397
S049,43,A,0.15833333333333333,0.5658914728682171,0.4614205877050657,0.7169811320754716,-0.3488372093023256,-2.565740567246664
S103,63,C,0.125,0.31922398589065254,0.3065812516135856,0.011853022520742789,-39.698412698412696,-2.570972339129033
S398,40,C,0.17083333333333334,0.4458333333333333,0.31442708333333336,0.20603015075376885,-3.95,-2.5908874766271475
S337,30,A,0.15,0.9444444444444444,0.4672839506172839,1.0,0.0,-2.6050757248395358
S012,68,A,0.12083333333333333,0.23823529411764705,0.31184688581314884,0.09415584415584416,-4.102941176470588,-2.612603917886997
S343,70,C,0.11666666666666667,0.17904761904761904,0.20279909297052154,0.009327115256495669,-42.48571428571429,-2.6153000725077207
S281,49,A,0.15,0.3360544217687074,0.29899486325142305,0.5217391304347826,-0.673469387755102,-2.6186648550989404
S135,21,C,0.3625,0.3178571428571429,0.3372108843537415,1.0740740740740742,0.2857142857142857,-2.624493764872409
S251,54,A,0.15,0.1302469135802469,0.15058718183203787,0.017249640632486823,-37.98148148148148,-2.6436597549586422
S051,61,A,0.12083333333333333,0.30464480874316946,0.3499283346770581,0.009154040404040404,-51.459016393442624,-2.6776446232826916
S166,52,B,0.13333333333333333,0.4166666666666667,0.44391025641025633,0.2222222222222222,-2.1538461538461537,-2.6854554587142645
S195,41,A,0.15,0.5026132404181185,0.42536026903325275,0.023872679045092837,-35.90243902439025,-2.707547097236682
S006,55,C,0.125,0.31363636363636366,0.3704453627180898,0.06493506493506493,-7.8545454545454545,-2.750804167329478
S255,36,A,0.15,0.6328703703703703,0.503093921467764,0.75,-0.3333333333333333,-2.7579692357235497
S238,55,B,0.13333333333333333,0.06090909090909091,0.07124462809917356,0.0239880059970015,-23.672727272727272,-2.7704247578791676
S298,17,B,0.2125,0.8760504201680672,0.2889252171456818,1.0625,0.17647058823529413,-2.7830667486768106
S262,56,C,0.11666666666666667,0.2556547619047619,0.25851465065192747,0.03341288782816229,-14.464285714285714,-2.793328485742941
S015,54,A,0.11666666666666667,0.3641975308641975,0.3869074836153025,0.0010041961051536778,-515.8333333333334,-2.7977386048649593
S257,51,C,0.12916666666666668,0.3359477124183006,0.4328036225383399,0.20666666666666667,-2.3333333333333335,-2.810229020882318
S241,56,C,0.11666666666666667,0.2261904761904762,0.24670493197278912,0.041791044776119404,-11.464285714285714,-2.8160342560588796
S309,27,A,0.15416666666666667,0.7705185185185185,0.4238326694101509,0.032541776605101144,-40.74074074074074,-2.8290083894851703
S016,22,A,0.15416666666666667,0.8431818181818183,0.2363802800734618,0.9736842105263158,-0.045454545454545456,-2.848767306428298
S222,39,B,0.13333333333333333,0.47435897435897434,0.3935733070348454,0.026272577996715927,-30.41025641025641,-2.8836090563817423
S327,29,B,0.14583333333333334,0.6982758620689655,0.43266944114149825,0.5223880597014925,-1.103448275862069,-2.8909842018790384
S156,48,A,0.11666666666666667,0.3899305555555556,0.3978905044367284,0.10810810810810811,-4.8125,-2.896620574444439
S056,44,A,0.11666666666666667,0.3996212121212121,0.3051071797520661,0.509090909090909,-0.6136363636363636,-2.91764298452825
S206,15,C,0.12916666666666668,1.3888888888888888,0.3311728395061728,1.3478260869565217,0.5333333333333333,-2.9182304716121075
S062,17,A,0.3125,0.31143790849673203,0.24172284164210348,0.9868421052631579,-0.058823529411764705,-2.9348040382643763
S111,38,B,0.12916666666666668,0.5228070175438596,0.46047399199753786,0.029245283018867925,-27.07894736842105,-2.935422882890585
S073,23,B,0.13333333333333333,0.9565217391304346,0.44980046208779656,1.032258064516129,0.043478260869565216,-2.9651423320421393
S119,47,A,0.12083333333333333,0.250354609929078,0.304438408530758,0.32954545454545453,-1.2553191489361701,-2.9654657967003715
S072,41,A,0.11666666666666667,0.45121951219512196,0.3607640954458325,0.26666666666666666,-1.8780487804878048,-2.9700515362011104
S120,32,B,0.1375,0.6276041666666666,0.522128634982639,0.75,-0.34375,-2.9808274301538655
S033,19,C,0.125,1.055263157894737,0.23918282548476455,1.0714285714285714,0.10526315789473684,-2.994600322964362
S124,30,B,0.14166666666666666,0.6285714285714284,0.536795162509448,0.5396825396825397,-0.9666666666666667,-3.0245193876417447
S223,37,C,0.11666666666666667,0.5518018018018017,0.47272948624299993,0.11475409836065574,-5.837837837837838,-3.042871457778734
S382,37,C,0.11666666666666667,0.47747747747747743,0.38162486811135443,0.11475409836065574,-5.837837837837838,-3.0592553054959155
S225,16,B,0.13333333333333333,1.1666666666666667,0.37239583333333337,1.1428571428571428,0.25,-3.0691774578291335
S303,14,B,0.225,0.766156462585034,0.3823503227821742,1.0188679245283019,0.07142857142857142,-3.0861057286606695
S372,39,A,0.12083333333333333,0.36837606837606834,0.42187741982613775,0.03638644918444166,-19.692307692307693,-3.105808402066558
S328,37,B,0.1375,0.12432432432432432,0.15481373265157053,0.5892857142857143,-0.6216216216216216,-3.116947817939942
S305,20,C,0.11666666666666667,1.0916666666666666,0.4846527777777777,1.12,0.15,-3.1260297940010844
S272,18,B,0.13333333333333333,0.9879629629629628,0.37283350480109745,0.0975609756097561,-16.444444444444443,-3.1303670673877746
S288,33,A,0.125,0.46818181818181814,0.40882767064585246,0.6521739130434783,-0.48484848484848486,-3.130920026764652
S014,27,A,0.11666666666666667,0.7592592592592593,0.46982167352537724,0.875,-0.14814814814814814,-3.148592929381261
S044,17,C,0.125,1.0,0.2777777777777778,1.1111111111111112,0.17647058823529413,-3.1832516743766295
S083,32,A,0.11666666666666667,0.5192708333333333,0.41619981553819446,0.012727272727272728,-67.875,-3.184239461113685
S026,17,A,0.11666666666666667,1.1813725490196079,0.4626105344098424,1.2173913043478262,0.29411764705882354,-3.1844016176178784
S236,25,C,0.11666666666666667,0.7666666666666666,0.4244444444444444,0.875,-0.16,-3.1889229012061495
S315,26,B,0.13333333333333333,0.6038461538461538,0.5101988823142669,0.07272727272727272,-15.692307692307692,-3.234956619031508
S393,33,B,0.1375,0.024999999999999998,0.019999999999999993,0.4583333333333333,-1.1818181818181819,-3.260165879044578
S190,21,B,0.2,0.17500000000000002,0.18500000000000003,0.64,-1.2857142857142858,-3.2744689303358547
S250,19,A,0.14583333333333334,0.8222666666666667,0.576935240233918,0.05343511450381679,-32.63157894736842,-3.2864113119666483
S323,26,A,0.12083333333333333,0.6073717948717948,0.508837216469428,0.02102973168963017,-51.92307692307692,-3.328957476562827
S355,27,C,0.12916666666666668,0.34814814814814815,0.3928669410150892,0.03263157894736842,-34.03703703703704,-3.408853745101439
S358,15,B,0.14166666666666666,0.851111111111111,0.43331358024691363,1.1724137931034482,0.3333333333333333,-3.4267931815330477
S144,20,A,0.11666666666666667,0.15833333333333335,0.14298611111111112,0.4444444444444444,-1.75,-3.8560379680710524
S264,10,B,0.13333333333333333,0.54,0.30439999999999995,1.103448275862069,0.3,-4.1249201903938655
S321,12,B,0.1375,0.27499999999999997,0.38187499999999996,1.1,0.25,-4.223595563905837
